{
  "simulationTime": "0:00:09.374",
  "totalCycles": 20000,
  "numPacketsReceived": 41960,
  "numPacketsTransmitted": 41881,
  "throughput": 0.03271953125,
  "averagePacketDelay": 38.504476970463934,
  "averagePacketHops": 6.321124137437024,
  "maxPacketDelay": 87,
  "maxPacketHops": 15,
  "numPayloadPacketsReceived": 41960,
  "numPayloadPacketsTransmitted": 41881,
  "payloadThroughput": 0.03271953125,
  "averagePayloadPacketDelay": 38.504476970463934,
  "averagePayloadPacketHops": 6.321124137437024,
  "maxPayloadPacketDelay": 87,
  "maxPayloadPacketHops": 15
}