{
  "simulationTime": "0:05:14.058",
  "totalCycles": 20000,
  "numPacketsReceived": 97732,
  "numPacketsTransmitted": 94745,
  "throughput": 0.07401953125,
  "averagePacketDelay": 1669.72560029553,
  "averagePacketHops": 6.111879254841944,
  "maxPacketDelay": 18218,
  "maxPacketHops": 15,
  "numPayloadPacketsReceived": 96394,
  "numPayloadPacketsTransmitted": 93458,
  "payloadThroughput": 0.0730140625,
  "averagePayloadPacketDelay": 1669.178839692696,
  "averagePayloadPacketHops": 6.113013332192001,
  "maxPayloadPacketDelay": 18218,
  "maxPayloadPacketHops": 15
}