{
  "simulationTime": "0:00:12.835",
  "totalCycles": 20000,
  "numPacketsReceived": 134551,
  "numPacketsTransmitted": 134139,
  "throughput": 0.10479609375,
  "averagePacketDelay": 69.3403708093843,
  "averagePacketHops": 6.306689329725136,
  "maxPacketDelay": 438,
  "maxPacketHops": 15,
  "numPayloadPacketsReceived": 134551,
  "numPayloadPacketsTransmitted": 134139,
  "payloadThroughput": 0.10479609375,
  "averagePayloadPacketDelay": 69.3403708093843,
  "averagePayloadPacketHops": 6.306689329725136,
  "maxPayloadPacketDelay": 438,
  "maxPayloadPacketHops": 15
}