{
  "simulationTime": "0:00:46.251",
  "totalCycles": 20000,
  "numPacketsReceived": 140767,
  "numPacketsTransmitted": 139725,
  "throughput": 0.10916015625,
  "averagePacketDelay": 488.98106995884774,
  "averagePacketHops": 6.287636428699231,
  "maxPacketDelay": 10928,
  "maxPacketHops": 15,
  "numPayloadPacketsReceived": 140767,
  "numPayloadPacketsTransmitted": 139725,
  "payloadThroughput": 0.10916015625,
  "averagePayloadPacketDelay": 488.98106995884774,
  "averagePayloadPacketHops": 6.287636428699231,
  "maxPayloadPacketDelay": 10928,
  "maxPayloadPacketHops": 15
}