{
  "simulationTime": "0:00:10.737",
  "totalCycles": 20000,
  "numPacketsReceived": 105131,
  "numPacketsTransmitted": 104870,
  "throughput": 0.0819296875,
  "averagePacketDelay": 47.04094593305998,
  "averagePacketHops": 6.29190426242014,
  "maxPacketDelay": 242,
  "maxPacketHops": 15,
  "numPayloadPacketsReceived": 105131,
  "numPayloadPacketsTransmitted": 104870,
  "payloadThroughput": 0.0819296875,
  "averagePayloadPacketDelay": 47.04094593305998,
  "averagePayloadPacketHops": 6.29190426242014,
  "maxPayloadPacketDelay": 242,
  "maxPayloadPacketHops": 15
}