{
  "simulationTime": "0:00:09.904",
  "totalCycles": 20000,
  "numPacketsReceived": 77126,
  "numPacketsTransmitted": 76971,
  "throughput": 0.06013359375,
  "averagePacketDelay": 40.50237102285276,
  "averagePacketHops": 6.297761494588871,
  "maxPacketDelay": 122,
  "maxPacketHops": 15,
  "numPayloadPacketsReceived": 77126,
  "numPayloadPacketsTransmitted": 76971,
  "payloadThroughput": 0.06013359375,
  "averagePayloadPacketDelay": 40.50237102285276,
  "averagePayloadPacketHops": 6.297761494588871,
  "maxPayloadPacketDelay": 122,
  "maxPayloadPacketHops": 15
}