{
  "simulationTime": "0:00:12.206",
  "totalCycles": 20000,
  "numPacketsReceived": 122123,
  "numPacketsTransmitted": 121769,
  "throughput": 0.09513203125,
  "averagePacketDelay": 64.85162069163745,
  "averagePacketHops": 6.309364452364723,
  "maxPacketDelay": 462,
  "maxPacketHops": 15,
  "numPayloadPacketsReceived": 119253,
  "numPayloadPacketsTransmitted": 118904,
  "payloadThroughput": 0.09289375,
  "averagePayloadPacketDelay": 64.9813799367557,
  "averagePayloadPacketHops": 6.311352015070981,
  "maxPayloadPacketDelay": 462,
  "maxPayloadPacketHops": 15
}