{
  "simulationTime": "0:00:14.565",
  "totalCycles": 20000,
  "numPacketsReceived": 125314,
  "numPacketsTransmitted": 124853,
  "throughput": 0.09754140625,
  "averagePacketDelay": 119.13088191713454,
  "averagePacketHops": 6.295547563935187,
  "maxPacketDelay": 5849,
  "maxPacketHops": 15,
  "numPayloadPacketsReceived": 125314,
  "numPayloadPacketsTransmitted": 124853,
  "payloadThroughput": 0.09754140625,
  "averagePayloadPacketDelay": 119.13088191713454,
  "averagePayloadPacketHops": 6.295547563935187,
  "maxPayloadPacketDelay": 5849,
  "maxPayloadPacketHops": 15
}