{
  "simulationTime": "0:00:10.785",
  "totalCycles": 20000,
  "numPacketsReceived": 98655,
  "numPacketsTransmitted": 98449,
  "throughput": 0.07691328125,
  "averagePacketDelay": 45.42436185232963,
  "averagePacketHops": 6.294954748143709,
  "maxPacketDelay": 174,
  "maxPacketHops": 15,
  "numPayloadPacketsReceived": 96004,
  "numPayloadPacketsTransmitted": 95800,
  "payloadThroughput": 0.07484375,
  "averagePayloadPacketDelay": 45.57121085594989,
  "averagePayloadPacketHops": 6.295156576200418,
  "maxPayloadPacketDelay": 174,
  "maxPayloadPacketHops": 15
}