{
  "simulationTime": "0:01:51.193",
  "totalCycles": 20000,
  "numPacketsReceived": 117628,
  "numPacketsTransmitted": 115392,
  "throughput": 0.09015,
  "averagePacketDelay": 841.6441781059345,
  "averagePacketHops": 6.191685732113145,
  "maxPacketDelay": 14807,
  "maxPacketHops": 15,
  "numPayloadPacketsReceived": 115569,
  "numPayloadPacketsTransmitted": 113385,
  "payloadThroughput": 0.08858203125,
  "averagePayloadPacketDelay": 840.9791330422895,
  "averagePayloadPacketHops": 6.194187943731534,
  "maxPayloadPacketDelay": 14807,
  "maxPayloadPacketHops": 15
}