{
  "simulationTime": "0:00:10.514",
  "totalCycles": 20000,
  "numPacketsReceived": 84227,
  "numPacketsTransmitted": 84047,
  "throughput": 0.06566171875,
  "averagePacketDelay": 42.78007543398336,
  "averagePacketHops": 6.301783525884327,
  "maxPacketDelay": 175,
  "maxPacketHops": 15,
  "numPayloadPacketsReceived": 84227,
  "numPayloadPacketsTransmitted": 84047,
  "payloadThroughput": 0.06566171875,
  "averagePayloadPacketDelay": 42.78007543398336,
  "averagePayloadPacketHops": 6.301783525884327,
  "maxPayloadPacketDelay": 175,
  "maxPayloadPacketHops": 15
}