{
  "simulationTime": "0:00:12.306",
  "totalCycles": 20000,
  "numPacketsReceived": 117241,
  "numPacketsTransmitted": 116960,
  "throughput": 0.091375,
  "averagePacketDelay": 56.79570793433653,
  "averagePacketHops": 6.2918775649794805,
  "maxPacketDelay": 281,
  "maxPacketHops": 15,
  "numPayloadPacketsReceived": 114580,
  "numPayloadPacketsTransmitted": 114307,
  "payloadThroughput": 0.08930234375,
  "averagePayloadPacketDelay": 56.88176577112513,
  "averagePayloadPacketHops": 6.288914939592501,
  "maxPayloadPacketDelay": 281,
  "maxPayloadPacketHops": 15
}