{
  "simulationTime": "0:00:10.314",
  "totalCycles": 20000,
  "numPacketsReceived": 96259,
  "numPacketsTransmitted": 96058,
  "throughput": 0.0750453125,
  "averagePacketDelay": 45.606185846051346,
  "averagePacketHops": 6.2892835578504656,
  "maxPacketDelay": 193,
  "maxPacketHops": 15,
  "numPayloadPacketsReceived": 96259,
  "numPayloadPacketsTransmitted": 96058,
  "payloadThroughput": 0.0750453125,
  "averagePayloadPacketDelay": 45.606185846051346,
  "averagePayloadPacketHops": 6.2892835578504656,
  "maxPayloadPacketDelay": 193,
  "maxPayloadPacketHops": 15
}