{
  "simulationTime": "0:00:09.586",
  "totalCycles": 20000,
  "numPacketsReceived": 63071,
  "numPacketsTransmitted": 62927,
  "throughput": 0.04916171875,
  "averagePacketDelay": 39.72328253372956,
  "averagePacketHops": 6.294754239038887,
  "maxPacketDelay": 102,
  "maxPacketHops": 15,
  "numPayloadPacketsReceived": 63071,
  "numPayloadPacketsTransmitted": 62927,
  "payloadThroughput": 0.04916171875,
  "averagePayloadPacketDelay": 39.72328253372956,
  "averagePayloadPacketHops": 6.294754239038887,
  "maxPayloadPacketDelay": 102,
  "maxPayloadPacketHops": 15
}