{
  "simulationTime": "0:00:09.923",
  "totalCycles": 20000,
  "numPacketsReceived": 77235,
  "numPacketsTransmitted": 77091,
  "throughput": 0.06022734375,
  "averagePacketDelay": 41.422539596061796,
  "averagePacketHops": 6.307493741163041,
  "maxPacketDelay": 141,
  "maxPacketHops": 15,
  "numPayloadPacketsReceived": 77235,
  "numPayloadPacketsTransmitted": 77091,
  "payloadThroughput": 0.06022734375,
  "averagePayloadPacketDelay": 41.422539596061796,
  "averagePayloadPacketHops": 6.307493741163041,
  "maxPayloadPacketDelay": 141,
  "maxPayloadPacketHops": 15
}