{
  "simulationTime": "0:00:11.111",
  "totalCycles": 20000,
  "numPacketsReceived": 69687,
  "numPacketsTransmitted": 69430,
  "throughput": 0.0542421875,
  "averagePacketDelay": 72.16883191703874,
  "averagePacketHops": 6.999452686158721,
  "maxPacketDelay": 475,
  "maxPacketHops": 15,
  "numPayloadPacketsReceived": 67364,
  "numPayloadPacketsTransmitted": 67112,
  "payloadThroughput": 0.05243125,
  "averagePayloadPacketDelay": 72.60407974728811,
  "averagePayloadPacketHops": 6.998956967457385,
  "maxPayloadPacketDelay": 475,
  "maxPayloadPacketHops": 15
}