{
  "simulationTime": "0:00:09.180",
  "totalCycles": 20000,
  "numPacketsReceived": 42050,
  "numPacketsTransmitted": 41974,
  "throughput": 0.0327921875,
  "averagePacketDelay": 38.35088388049745,
  "averagePacketHops": 6.306046600276361,
  "maxPacketDelay": 95,
  "maxPacketHops": 15,
  "numPayloadPacketsReceived": 42050,
  "numPayloadPacketsTransmitted": 41974,
  "payloadThroughput": 0.0327921875,
  "averagePayloadPacketDelay": 38.35088388049745,
  "averagePayloadPacketHops": 6.306046600276361,
  "maxPayloadPacketDelay": 95,
  "maxPayloadPacketHops": 15
}