{
  "simulationTime": "0:00:09.814",
  "totalCycles": 20000,
  "numPacketsReceived": 40757,
  "numPacketsTransmitted": 40677,
  "throughput": 0.03177890625,
  "averagePacketDelay": 38.09066548663864,
  "averagePacketHops": 6.314698724094697,
  "maxPacketDelay": 89,
  "maxPacketHops": 15,
  "numPayloadPacketsReceived": 38313,
  "numPayloadPacketsTransmitted": 38237,
  "payloadThroughput": 0.02987265625,
  "averagePayloadPacketDelay": 38.43295760650679,
  "averagePayloadPacketHops": 6.319271909407119,
  "maxPayloadPacketDelay": 89,
  "maxPayloadPacketHops": 15
}