{
  "simulationTime": "0:00:11.974",
  "totalCycles": 20000,
  "numPacketsReceived": 115464,
  "numPacketsTransmitted": 115148,
  "throughput": 0.089959375,
  "averagePacketDelay": 61.18767151839372,
  "averagePacketHops": 6.30320109771772,
  "maxPacketDelay": 489,
  "maxPacketHops": 15,
  "numPayloadPacketsReceived": 115464,
  "numPayloadPacketsTransmitted": 115148,
  "payloadThroughput": 0.089959375,
  "averagePayloadPacketDelay": 61.18767151839372,
  "averagePayloadPacketHops": 6.30320109771772,
  "maxPayloadPacketDelay": 489,
  "maxPayloadPacketHops": 15
}