{
  "simulationTime": "0:00:10.711",
  "totalCycles": 20000,
  "numPacketsReceived": 81984,
  "numPacketsTransmitted": 81805,
  "throughput": 0.06391015625,
  "averagePacketDelay": 41.553511399058735,
  "averagePacketHops": 6.288429802579304,
  "maxPacketDelay": 132,
  "maxPacketHops": 15,
  "numPayloadPacketsReceived": 79127,
  "numPayloadPacketsTransmitted": 78952,
  "payloadThroughput": 0.06168125,
  "averagePayloadPacketDelay": 41.742641098388894,
  "averagePayloadPacketHops": 6.289859661566521,
  "maxPayloadPacketDelay": 132,
  "maxPayloadPacketHops": 15
}