{
  "simulationTime": "0:00:10.312",
  "totalCycles": 20000,
  "numPacketsReceived": 96436,
  "numPacketsTransmitted": 96239,
  "throughput": 0.07518671875,
  "averagePacketDelay": 43.23553860700963,
  "averagePacketHops": 6.295192177807333,
  "maxPacketDelay": 155,
  "maxPacketHops": 15,
  "numPayloadPacketsReceived": 96436,
  "numPayloadPacketsTransmitted": 96239,
  "payloadThroughput": 0.07518671875,
  "averagePayloadPacketDelay": 43.23553860700963,
  "averagePayloadPacketHops": 6.295192177807333,
  "maxPayloadPacketDelay": 155,
  "maxPayloadPacketHops": 15
}