{
  "simulationTime": "0:00:09.995",
  "totalCycles": 20000,
  "numPacketsReceived": 84391,
  "numPacketsTransmitted": 84223,
  "throughput": 0.06579921875,
  "averagePacketDelay": 41.739287368058605,
  "averagePacketHops": 6.312883654108735,
  "maxPacketDelay": 142,
  "maxPacketHops": 15,
  "numPayloadPacketsReceived": 84391,
  "numPayloadPacketsTransmitted": 84223,
  "payloadThroughput": 0.06579921875,
  "averagePayloadPacketDelay": 41.739287368058605,
  "averagePayloadPacketHops": 6.312883654108735,
  "maxPayloadPacketDelay": 142,
  "maxPayloadPacketHops": 15
}