{
  "simulationTime": "0:00:10.157",
  "totalCycles": 20000,
  "numPacketsReceived": 79377,
  "numPacketsTransmitted": 79207,
  "throughput": 0.06188046875,
  "averagePacketDelay": 41.17322963879455,
  "averagePacketHops": 6.301273877308824,
  "maxPacketDelay": 152,
  "maxPacketHops": 15,
  "numPayloadPacketsReceived": 76712,
  "numPayloadPacketsTransmitted": 76547,
  "payloadThroughput": 0.05980234375,
  "averagePayloadPacketDelay": 41.361777731328466,
  "averagePayloadPacketHops": 6.3041007485597085,
  "maxPayloadPacketDelay": 152,
  "maxPayloadPacketHops": 15
}