{
  "simulationTime": "0:00:09.574",
  "totalCycles": 20000,
  "numPacketsReceived": 63126,
  "numPacketsTransmitted": 62996,
  "throughput": 0.049215625,
  "averagePacketDelay": 39.5303511334053,
  "averagePacketHops": 6.324607911613436,
  "maxPacketDelay": 119,
  "maxPacketHops": 15,
  "numPayloadPacketsReceived": 63126,
  "numPayloadPacketsTransmitted": 62996,
  "payloadThroughput": 0.049215625,
  "averagePayloadPacketDelay": 39.5303511334053,
  "averagePayloadPacketHops": 6.324607911613436,
  "maxPayloadPacketDelay": 119,
  "maxPayloadPacketHops": 15
}