{
  "simulationTime": "0:02:03.403",
  "totalCycles": 20000,
  "numPacketsReceived": 147204,
  "numPacketsTransmitted": 144874,
  "throughput": 0.1131828125,
  "averagePacketDelay": 1116.25122520259,
  "averagePacketHops": 6.25112856689261,
  "maxPacketDelay": 12673,
  "maxPacketHops": 15,
  "numPayloadPacketsReceived": 147204,
  "numPayloadPacketsTransmitted": 144874,
  "payloadThroughput": 0.1131828125,
  "averagePayloadPacketDelay": 1116.25122520259,
  "averagePayloadPacketHops": 6.25112856689261,
  "maxPayloadPacketDelay": 12673,
  "maxPayloadPacketHops": 15
}