{
  "simulationTime": "0:06:54.793",
  "totalCycles": 20000,
  "numPacketsReceived": 97438,
  "numPacketsTransmitted": 94172,
  "throughput": 0.073571875,
  "averagePacketDelay": 2689.5207917427683,
  "averagePacketHops": 6.117285392685724,
  "maxPacketDelay": 18049,
  "maxPacketHops": 15,
  "numPayloadPacketsReceived": 97438,
  "numPayloadPacketsTransmitted": 94172,
  "payloadThroughput": 0.073571875,
  "averagePayloadPacketDelay": 2689.5207917427683,
  "averagePayloadPacketHops": 6.117285392685724,
  "maxPayloadPacketDelay": 18049,
  "maxPayloadPacketHops": 15
}