{
  "simulationTime": "0:00:09.647",
  "totalCycles": 20000,
  "numPacketsReceived": 38519,
  "numPacketsTransmitted": 38425,
  "throughput": 0.03001953125,
  "averagePacketDelay": 38.199921925829535,
  "averagePacketHops": 6.306467143786597,
  "maxPacketDelay": 89,
  "maxPacketHops": 15,
  "numPayloadPacketsReceived": 38519,
  "numPayloadPacketsTransmitted": 38425,
  "payloadThroughput": 0.03001953125,
  "averagePayloadPacketDelay": 38.199921925829535,
  "averagePayloadPacketHops": 6.306467143786597,
  "maxPayloadPacketDelay": 89,
  "maxPayloadPacketHops": 15
}