{
  "simulationTime": "0:00:54.063",
  "totalCycles": 20000,
  "numPacketsReceived": 147560,
  "numPacketsTransmitted": 145375,
  "throughput": 0.11357421875,
  "averagePacketDelay": 577.189475494411,
  "averagePacketHops": 6.270128976784179,
  "maxPacketDelay": 5296,
  "maxPacketHops": 15,
  "numPayloadPacketsReceived": 147560,
  "numPayloadPacketsTransmitted": 145375,
  "payloadThroughput": 0.11357421875,
  "averagePayloadPacketDelay": 577.189475494411,
  "averagePayloadPacketHops": 6.270128976784179,
  "maxPayloadPacketDelay": 5296,
  "maxPayloadPacketHops": 15
}