{
  "simulationTime": "0:00:09.977",
  "totalCycles": 20000,
  "numPacketsReceived": 57856,
  "numPacketsTransmitted": 57745,
  "throughput": 0.04511328125,
  "averagePacketDelay": 39.01160273616763,
  "averagePacketHops": 6.298363494674864,
  "maxPacketDelay": 94,
  "maxPacketHops": 15,
  "numPayloadPacketsReceived": 57856,
  "numPayloadPacketsTransmitted": 57745,
  "payloadThroughput": 0.04511328125,
  "averagePayloadPacketDelay": 39.01160273616763,
  "averagePayloadPacketHops": 6.298363494674864,
  "maxPayloadPacketDelay": 94,
  "maxPayloadPacketHops": 15
}