{
  "simulationTime": "0:00:09.865",
  "totalCycles": 20000,
  "numPacketsReceived": 57786,
  "numPacketsTransmitted": 57683,
  "throughput": 0.04506484375,
  "averagePacketDelay": 39.414922940901135,
  "averagePacketHops": 6.318499384567377,
  "maxPacketDelay": 102,
  "maxPacketHops": 15,
  "numPayloadPacketsReceived": 57786,
  "numPayloadPacketsTransmitted": 57683,
  "payloadThroughput": 0.04506484375,
  "averagePayloadPacketDelay": 39.414922940901135,
  "averagePayloadPacketHops": 6.318499384567377,
  "maxPayloadPacketDelay": 102,
  "maxPayloadPacketHops": 15
}