{
  "simulationTime": "0:05:56.342",
  "totalCycles": 20000,
  "numPacketsReceived": 99590,
  "numPacketsTransmitted": 96523,
  "throughput": 0.07540859375,
  "averagePacketDelay": 2486.5460252996695,
  "averagePacketHops": 6.134724366213234,
  "maxPacketDelay": 18080,
  "maxPacketHops": 15,
  "numPayloadPacketsReceived": 98175,
  "numPayloadPacketsTransmitted": 95153,
  "payloadThroughput": 0.07433828125,
  "averagePayloadPacketDelay": 2485.6049940621947,
  "averagePayloadPacketHops": 6.136905825354955,
  "maxPayloadPacketDelay": 18080,
  "maxPayloadPacketHops": 15
}