{
  "simulationTime": "0:05:44.682",
  "totalCycles": 20000,
  "numPacketsReceived": 96748,
  "numPacketsTransmitted": 93754,
  "throughput": 0.0732453125,
  "averagePacketDelay": 2354.7883503637177,
  "averagePacketHops": 6.121648143012565,
  "maxPacketDelay": 17610,
  "maxPacketHops": 15,
  "numPayloadPacketsReceived": 96748,
  "numPayloadPacketsTransmitted": 93754,
  "payloadThroughput": 0.0732453125,
  "averagePayloadPacketDelay": 2354.7883503637177,
  "averagePayloadPacketHops": 6.121648143012565,
  "maxPayloadPacketDelay": 17610,
  "maxPayloadPacketHops": 15
}