{
  "simulationTime": "0:00:10.752",
  "totalCycles": 20000,
  "numPacketsReceived": 101849,
  "numPacketsTransmitted": 101618,
  "throughput": 0.0793890625,
  "averagePacketDelay": 46.5013875494499,
  "averagePacketHops": 6.291109842744396,
  "maxPacketDelay": 178,
  "maxPacketHops": 15,
  "numPayloadPacketsReceived": 99099,
  "numPayloadPacketsTransmitted": 98872,
  "payloadThroughput": 0.07724375,
  "averagePayloadPacketDelay": 46.656667206084634,
  "averagePayloadPacketHops": 6.292863500283194,
  "maxPayloadPacketDelay": 178,
  "maxPayloadPacketHops": 15
}