{
  "simulationTime": "0:00:11.027",
  "totalCycles": 20000,
  "numPacketsReceived": 69687,
  "numPacketsTransmitted": 69442,
  "throughput": 0.0542515625,
  "averagePacketDelay": 72.30660119236197,
  "averagePacketHops": 6.999625586820656,
  "maxPacketDelay": 475,
  "maxPacketHops": 15,
  "numPayloadPacketsReceived": 67364,
  "numPayloadPacketsTransmitted": 67122,
  "payloadThroughput": 0.0524390625,
  "averagePayloadPacketDelay": 72.76559101337863,
  "averagePayloadPacketHops": 6.999076308810822,
  "maxPayloadPacketDelay": 475,
  "maxPayloadPacketHops": 15
}