{
  "simulationTime": "0:00:11.523",
  "totalCycles": 20000,
  "numPacketsReceived": 69687,
  "numPacketsTransmitted": 69439,
  "throughput": 0.05424921875,
  "averagePacketDelay": 72.57631878339262,
  "averagePacketHops": 7.000115209032388,
  "maxPacketDelay": 475,
  "maxPacketHops": 15,
  "numPayloadPacketsReceived": 67364,
  "numPayloadPacketsTransmitted": 67119,
  "payloadThroughput": 0.05243671875,
  "averagePayloadPacketDelay": 73.03115362267019,
  "averagePayloadPacketHops": 6.999582830495091,
  "maxPayloadPacketDelay": 475,
  "maxPayloadPacketHops": 15
}