{
  "simulationTime": "0:00:09.376",
  "totalCycles": 20000,
  "numPacketsReceived": 42076,
  "numPacketsTransmitted": 41998,
  "throughput": 0.0328109375,
  "averagePacketDelay": 38.12895852183437,
  "averagePacketHops": 6.322539168531835,
  "maxPacketDelay": 87,
  "maxPacketHops": 15,
  "numPayloadPacketsReceived": 39192,
  "numPayloadPacketsTransmitted": 39119,
  "payloadThroughput": 0.03056171875,
  "averagePayloadPacketDelay": 38.488586109051866,
  "averagePayloadPacketHops": 6.322170812137324,
  "maxPayloadPacketDelay": 87,
  "maxPayloadPacketHops": 15
}