{
  "simulationTime": "0:00:11.718",
  "totalCycles": 20000,
  "numPacketsReceived": 69687,
  "numPacketsTransmitted": 69452,
  "throughput": 0.054259375,
  "averagePacketDelay": 73.17554570062777,
  "averagePacketHops": 6.999481656395784,
  "maxPacketDelay": 475,
  "maxPacketHops": 15,
  "numPayloadPacketsReceived": 67364,
  "numPayloadPacketsTransmitted": 67133,
  "payloadThroughput": 0.05244765625,
  "averagePayloadPacketDelay": 73.62937750435702,
  "averagePayloadPacketHops": 6.998957293730356,
  "maxPayloadPacketDelay": 475,
  "maxPayloadPacketHops": 15
}