{
  "simulationTime": "0:00:09.833",
  "totalCycles": 20000,
  "numPacketsReceived": 62149,
  "numPacketsTransmitted": 62012,
  "throughput": 0.048446875,
  "averagePacketDelay": 39.25457975875637,
  "averagePacketHops": 6.294636521963491,
  "maxPacketDelay": 102,
  "maxPacketHops": 15,
  "numPayloadPacketsReceived": 59330,
  "numPayloadPacketsTransmitted": 59199,
  "payloadThroughput": 0.04624921875,
  "averagePayloadPacketDelay": 39.517238466866,
  "averagePayloadPacketHops": 6.2998530380580755,
  "maxPayloadPacketDelay": 102,
  "maxPayloadPacketHops": 15
}