{
  "simulationTime": "0:03:11.598",
  "totalCycles": 20000,
  "numPacketsReceived": 104898,
  "numPacketsTransmitted": 102107,
  "throughput": 0.07977109375,
  "averagePacketDelay": 1686.894463650876,
  "averagePacketHops": 6.180242294847562,
  "maxPacketDelay": 14653,
  "maxPacketHops": 15,
  "numPayloadPacketsReceived": 104898,
  "numPayloadPacketsTransmitted": 102107,
  "payloadThroughput": 0.07977109375,
  "averagePayloadPacketDelay": 1686.894463650876,
  "averagePayloadPacketHops": 6.180242294847562,
  "maxPayloadPacketDelay": 14653,
  "maxPayloadPacketHops": 15
}