{
  "simulationTime": "0:00:10.814",
  "totalCycles": 20000,
  "numPacketsReceived": 105172,
  "numPacketsTransmitted": 104880,
  "throughput": 0.0819375,
  "averagePacketDelay": 50.38256102212052,
  "averagePacketHops": 6.295385202135774,
  "maxPacketDelay": 253,
  "maxPacketHops": 15,
  "numPayloadPacketsReceived": 105172,
  "numPayloadPacketsTransmitted": 104880,
  "payloadThroughput": 0.0819375,
  "averagePayloadPacketDelay": 50.38256102212052,
  "averagePayloadPacketHops": 6.295385202135774,
  "maxPayloadPacketDelay": 253,
  "maxPayloadPacketHops": 15
}