{
  "simulationTime": "0:02:51.135",
  "totalCycles": 20000,
  "numPacketsReceived": 110158,
  "numPacketsTransmitted": 107558,
  "throughput": 0.0840296875,
  "averagePacketDelay": 1397.7038528049982,
  "averagePacketHops": 6.157291879730006,
  "maxPacketDelay": 16141,
  "maxPacketHops": 15,
  "numPayloadPacketsReceived": 108163,
  "numPayloadPacketsTransmitted": 105613,
  "payloadThroughput": 0.08251015625,
  "averagePayloadPacketDelay": 1398.6238152500166,
  "averagePayloadPacketHops": 6.1599140257354685,
  "maxPayloadPacketDelay": 16141,
  "maxPayloadPacketHops": 15
}