{
  "simulationTime": "0:04:12.277",
  "totalCycles": 20000,
  "numPacketsReceived": 103887,
  "numPacketsTransmitted": 101064,
  "throughput": 0.07895625,
  "averagePacketDelay": 1948.9398796802027,
  "averagePacketHops": 6.13877345048682,
  "maxPacketDelay": 16746,
  "maxPacketHops": 15,
  "numPayloadPacketsReceived": 103887,
  "numPayloadPacketsTransmitted": 101064,
  "payloadThroughput": 0.07895625,
  "averagePayloadPacketDelay": 1948.9398796802027,
  "averagePayloadPacketHops": 6.13877345048682,
  "maxPayloadPacketDelay": 16746,
  "maxPayloadPacketHops": 15
}