{
  "simulationTime": "0:00:09.397",
  "totalCycles": 20000,
  "numPacketsReceived": 38534,
  "numPacketsTransmitted": 38441,
  "throughput": 0.03003203125,
  "averagePacketDelay": 38.26690252594886,
  "averagePacketHops": 6.305403085247522,
  "maxPacketDelay": 87,
  "maxPacketHops": 15,
  "numPayloadPacketsReceived": 38534,
  "numPayloadPacketsTransmitted": 38441,
  "payloadThroughput": 0.03003203125,
  "averagePayloadPacketDelay": 38.26690252594886,
  "averagePayloadPacketHops": 6.305403085247522,
  "maxPayloadPacketDelay": 87,
  "maxPayloadPacketHops": 15
}