{
  "simulationTime": "0:00:11.211",
  "totalCycles": 20000,
  "numPacketsReceived": 115521,
  "numPacketsTransmitted": 115220,
  "throughput": 0.090015625,
  "averagePacketDelay": 49.7797864954001,
  "averagePacketHops": 6.304651970144072,
  "maxPacketDelay": 205,
  "maxPacketHops": 15,
  "numPayloadPacketsReceived": 115521,
  "numPayloadPacketsTransmitted": 115220,
  "payloadThroughput": 0.090015625,
  "averagePayloadPacketDelay": 49.7797864954001,
  "averagePayloadPacketHops": 6.304651970144072,
  "maxPayloadPacketDelay": 205,
  "maxPayloadPacketHops": 15
}