{
  "simulationTime": "0:01:22.869",
  "totalCycles": 20000,
  "numPacketsReceived": 110365,
  "numPacketsTransmitted": 108003,
  "throughput": 0.08437734375,
  "averagePacketDelay": 887.1979296871383,
  "averagePacketHops": 6.22675296056591,
  "maxPacketDelay": 11140,
  "maxPacketHops": 15,
  "numPayloadPacketsReceived": 110365,
  "numPayloadPacketsTransmitted": 108003,
  "payloadThroughput": 0.08437734375,
  "averagePayloadPacketDelay": 887.1979296871383,
  "averagePayloadPacketHops": 6.22675296056591,
  "maxPayloadPacketDelay": 11140,
  "maxPayloadPacketHops": 15
}